Date received,Product,Sub-product,Issue,Sub-issue,Consumer complaint narrative,Company public response,Company,State,ZIP code,Tags,Consumer consent provided?,Submitted via,Date sent to company,Company response to consumer,Timely response?,Consumer disputed?,Complaint ID
5/10/2019,Checking or savings account,Checking account,Managing an account,Problem using a debit or ATM card,,,NAVY FEDERAL CREDIT UNION,FL,328XX,Older American,,Web,5/10/2019,In progress,Yes,N/A,3238275
5/10/2019,Checking or savings account,Other banking product or service,Managing an account,Deposits and withdrawals,,,BOEING EMPLOYEES CREDIT UNION,WA,98204,,N/A,Referral,5/10/2019,Closed with explanation,Yes,N/A,3238228
5/10/2019,Debt collection,Payday loan debt,Communication tactics,Frequent or repeated calls,,,CURO Intermediate Holdings,TX,751XX,,,Web,5/10/2019,Closed with explanation,Yes,N/A,3237964
5/10/2019,"Credit reporting, credit repair services, or other personal consumer reports",Credit reporting,Incorrect information on your report,Old information reappears or never goes away,,,Ad Astra Recovery Services Inc,LA,708XX,,,Web,5/10/2019,Closed with explanation,Yes,N/A,3238479
5/10/2019,Checking or savings account,Checking account,Managing an account,Banking errors,,,ALLY FINANCIAL INC.,AZ,85205,,N/A,Postal mail,5/10/2019,In progress,Yes,N/A,3238460
5/10/2019,Mortgage,Other type of mortgage,Closing on a mortgage,,,,Statebridge Company,NJ,8302,,,Web,5/10/2019,Closed with explanation,Yes,N/A,3237885
5/10/2019,Debt collection,Other debt,Attempts to collect debt not owed,Debt is not yours,,,"Diversified Consultants, Inc.",TX,,Servicemember,,Web,5/10/2019,In progress,Yes,N/A,3238585
5/10/2019,Student loan,Federal student loan servicing,Struggling to repay your loan,Problem lowering your monthly payments,,,Student Loan Direct,TX,773XX,Older American,,Web,5/10/2019,Closed with explanation,Yes,N/A,3238221
5/10/2019,Debt collection,Other debt,Attempts to collect debt not owed,Debt was paid,,,"Diversified Consultants, Inc.",SC,296XX,Servicemember,,Web,5/10/2019,In progress,Yes,N/A,3238545
5/10/2019,"Credit reporting, credit repair services, or other personal consumer reports",Credit reporting,Incorrect information on your report,Information belongs to someone else,,,CONTRACT CALLERS INC,MD,20774,,,Web,5/10/2019,In progress,Yes,N/A,3238458
5/10/2019,Vehicle loan or lease,Loan,Struggling to pay your loan,Denied request to lower payments,,,ALLY FINANCIAL INC.,NV,891XX,,,Web,5/10/2019,In progress,Yes,N/A,3238036
5/10/2019,Debt collection,Medical debt,False statements or representation,Attempted to collect wrong amount,,,MiraMed Revenue Group LLC,VA,23156,,,Web,5/10/2019,Closed with explanation,Yes,N/A,3237941
5/10/2019,Debt collection,Payday loan debt,Attempts to collect debt not owed,Debt is not yours,,,Ad Astra Recovery Services Inc,TX,,,,Web,5/10/2019,Closed with explanation,Yes,N/A,3238461
5/10/2019,Debt collection,I do not know,False statements or representation,"Impersonated attorney, law enforcement, or government official",,,"Commonwealth Financial Systems, Inc.",TX,774XX,Older American,,Web,5/10/2019,Closed with explanation,Yes,N/A,3237971
5/10/2019,"Credit reporting, credit repair services, or other personal consumer reports",Credit reporting,Problem with a credit reporting company's investigation into an existing problem,Their investigation did not fix an error on your report,,,ALLY FINANCIAL INC.,TX,774XX,,,Web,5/10/2019,In progress,Yes,N/A,3237837
5/10/2019,Debt collection,Credit card debt,Took or threatened to take negative or legal action,Threatened or suggested your credit would be damaged,,,NAVY FEDERAL CREDIT UNION,FL,346XX,Servicemember,,Web,5/10/2019,In progress,Yes,N/A,3237928
5/10/2019,Debt collection,Medical debt,Communication tactics,Frequent or repeated calls,,,"MERCANTILE ADJUSTMENT BUREAU, LLC",NY,14609,,,Web,5/10/2019,Closed with explanation,Yes,N/A,3238682
5/9/2019,Debt collection,Medical debt,Attempts to collect debt not owed,Debt was paid,,Company has responded to the consumer and the CFPB and chooses not to provide a public response,"HCFS Health Care Financial Services, Inc.",AZ,852XX,,,Web,5/9/2019,Closed with explanation,Yes,N/A,3237088
5/9/2019,Student loan,Private student loan,Dealing with your lender or servicer,Received bad information about your loan,,Company believes it acted appropriately as authorized by contract or law,"National Collection Systems, Inc.",GA,,Servicemember,,Web,5/9/2019,Closed with explanation,Yes,N/A,3236907
5/9/2019,Checking or savings account,Savings account,Managing an account,Problem making or receiving payments,,,ALLY FINANCIAL INC.,CO,81302,Older American,N/A,Postal mail,5/9/2019,In progress,Yes,N/A,3237160
5/9/2019,Debt collection,Other debt,False statements or representation,Attempted to collect wrong amount,,,"Diversified Consultants, Inc.",NJ,087XX,,,Web,5/9/2019,In progress,Yes,N/A,3236983
5/9/2019,Debt collection,Auto debt,False statements or representation,Attempted to collect wrong amount,,,ALLY FINANCIAL INC.,MI,48185,Older American,N/A,Phone,5/9/2019,In progress,Yes,N/A,3237404
5/9/2019,Debt collection,Other debt,Written notification about debt,Didn't receive enough information to verify debt,,,"Weltman, Weinberg & Reis Co., L.P.A.",OH,432XX,,,Web,5/9/2019,In progress,Yes,N/A,3236857
5/9/2019,Debt collection,Other debt,Threatened to contact someone or share information improperly,Talked to a third-party about your debt,,Company believes complaint caused principally by actions of third party outside the control or direction of the company,"CASHCALL, INC.",CA,944XX,,,Web,5/9/2019,Closed with explanation,Yes,N/A,3236737
5/9/2019,Debt collection,Medical debt,Attempts to collect debt not owed,Debt was result of identity theft,,Company has responded to the consumer and the CFPB and chooses not to provide a public response,"Ability Recovery Services, LLC",NC,28216,,,Web,5/10/2019,Closed with explanation,Yes,N/A,3237833
5/9/2019,"Credit reporting, credit repair services, or other personal consumer reports",Credit reporting,Incorrect information on your report,Account information incorrect,,,NISSAN MOTOR ACCEPTANCE CORPORATION,TX,797XX,,,Web,5/9/2019,In progress,Yes,N/A,3237655
5/9/2019,"Credit reporting, credit repair services, or other personal consumer reports",Other personal consumer report,Improper use of your report,Report provided to employer without your written authorization,,,FIRST ADVANTAGE CORPORATION,UT,84401,,,Web,5/9/2019,Closed with explanation,Yes,N/A,3237100
5/9/2019,Debt collection,Other debt,Written notification about debt,Didn't receive enough information to verify debt,,Company believes it acted appropriately as authorized by contract or law,"Midwest Fidelity Services, LLC",IL,60025,,N/A,Postal mail,5/9/2019,Closed with explanation,Yes,N/A,3237425
5/9/2019,Debt collection,Medical debt,Attempts to collect debt not owed,Debt is not yours,,Company has responded to the consumer and the CFPB and chooses not to provide a public response,"HCFS Health Care Financial Services, Inc.",FL,33056,,Consent not provided,Web,5/9/2019,Closed with explanation,Yes,N/A,3236953
5/9/2019,Debt collection,Auto debt,Written notification about debt,Didn't receive notice of right to dispute,,,NICHOLAS FINANCIAL INC.,FL,338XX,,,Web,5/9/2019,Closed with explanation,Yes,N/A,3237247
5/9/2019,Debt collection,Payday loan debt,Attempts to collect debt not owed,Debt is not yours,,,"SFS, Inc",NC,28752,,,Web,5/9/2019,Closed with explanation,Yes,N/A,3236773
5/9/2019,Debt collection,I do not know,Took or threatened to take negative or legal action,Threatened to arrest you or take you to jail if you do not pay,,,CURO Intermediate Holdings,ME,4042,Servicemember,,Web,5/9/2019,Closed with explanation,Yes,N/A,3237657
5/9/2019,"Credit reporting, credit repair services, or other personal consumer reports",Credit reporting,Incorrect information on your report,Account information incorrect,,,"Diversified Consultants, Inc.",FL,328XX,,,Web,5/10/2019,In progress,Yes,N/A,3237831
5/9/2019,Debt collection,Payday loan debt,Attempts to collect debt not owed,Debt was already discharged in bankruptcy and is no longer owed,,,Ad Astra Recovery Services Inc,OR,972XX,,,Web,5/9/2019,Closed with explanation,Yes,N/A,3237515
5/9/2019,Mortgage,Conventional home mortgage,Closing on a mortgage,,,,"QUICKEN LOANS, INC.",NJ,8619,,N/A,Referral,5/9/2019,Closed with explanation,Yes,N/A,3237320
5/9/2019,"Credit reporting, credit repair services, or other personal consumer reports",Credit reporting,Incorrect information on your report,Account status incorrect,,Company disputes the facts presented in the complaint,"The CMI Group, Inc.",SC,297XX,,,Web,5/9/2019,Closed with explanation,Yes,N/A,3237630
5/9/2019,Debt collection,Other debt,Written notification about debt,Didn't receive enough information to verify debt,,,"NCC Business Services, Inc.",NY,132XX,Servicemember,,Web,5/9/2019,In progress,Yes,N/A,3236839
5/9/2019,Debt collection,I do not know,Attempts to collect debt not owed,Debt was result of identity theft,,Company believes it acted appropriately as authorized by contract or law,Sequoia Financial Services,CA,91205,,Consent not provided,Web,5/9/2019,Closed with explanation,Yes,N/A,3237250
5/9/2019,Debt collection,Medical debt,Attempts to collect debt not owed,Debt is not yours,,,"USCB, INC.",AZ,85713,,,Web,5/9/2019,Closed with explanation,Yes,N/A,3236808
5/9/2019,Debt collection,Payday loan debt,Communication tactics,"You told them to stop contacting you, but they keep trying",,Company has responded to the consumer and the CFPB and chooses not to provide a public response,"TOWER LOAN OF MISSISSIPPI, INC.",LA,,,Other,Web,5/9/2019,Closed with explanation,Yes,N/A,3237559
5/9/2019,"Credit reporting, credit repair services, or other personal consumer reports",Credit reporting,Incorrect information on your report,Information belongs to someone else,,,"EQUIFAX, INC.",NC,276XX,,,Web,5/9/2019,Closed with explanation,Yes,N/A,3236855
5/9/2019,Debt collection,Credit card debt,Communication tactics,Frequent or repeated calls,,Company believes it acted appropriately as authorized by contract or law,ERC,NC,280XX,,,Web,5/9/2019,Closed with explanation,Yes,N/A,3237137
5/9/2019,Debt collection,Medical debt,Attempts to collect debt not owed,Debt was paid,,Company believes it acted appropriately as authorized by contract or law,First Federal Credit Control,,,,N/A,Phone,5/9/2019,Closed with explanation,Yes,N/A,3237435
5/9/2019,Mortgage,Conventional home mortgage,Trouble during payment process,,,Company has responded to the consumer and the CFPB and chooses not to provide a public response,"CITIBANK, N.A.",NJ,7735,,N/A,Postal mail,5/9/2019,Closed with explanation,Yes,N/A,3237284
5/9/2019,"Credit reporting, credit repair services, or other personal consumer reports",Other personal consumer report,Incorrect information on your report,Public record information inaccurate,,Company has responded to the consumer and the CFPB and chooses not to provide a public response,STERLING INFOSYSTEMS INC,MS,,,,Web,5/9/2019,Closed with explanation,Yes,N/A,3236732
5/9/2019,Vehicle loan or lease,Loan,Problems at the end of the loan or lease,Unable to receive car title or other problem after the loan is paid off,,,ALLY FINANCIAL INC.,TX,750XX,,,Web,5/9/2019,In progress,Yes,N/A,3236888
5/9/2019,Debt collection,Auto debt,Written notification about debt,Didn't receive notice of right to dispute,,,ALLY FINANCIAL INC.,AL,,Servicemember,,Web,5/9/2019,In progress,Yes,N/A,3236783
5/9/2019,Vehicle loan or lease,Loan,Incorrect information on your report,Account status incorrect,,,NAVY FEDERAL CREDIT UNION,VA,235XX,Servicemember,,Web,5/9/2019,In progress,Yes,N/A,3237300
5/9/2019,Debt collection,I do not know,Attempts to collect debt not owed,Debt is not yours,,Company has responded to the consumer and the CFPB and chooses not to provide a public response,"Convergent Resources, Inc.",MI,48162,,Consent not provided,Web,5/9/2019,Closed with explanation,Yes,N/A,3237758
5/9/2019,Debt collection,Other debt,Communication tactics,"You told them to stop contacting you, but they keep trying",,Company believes the complaint is the result of a misunderstanding,"McCarthy, Burgess & Wolff, Inc.",TX,782XX,,,Web,5/9/2019,Closed with explanation,Yes,N/A,3237483
5/9/2019,Credit card or prepaid card,General-purpose credit card or charge card,Fees or interest,Charged too much interest,,,NAVY FEDERAL CREDIT UNION,WI,546XX,,,Web,5/9/2019,In progress,Yes,N/A,3237779
5/9/2019,Debt collection,Other debt,Written notification about debt,Notification didn't disclose it was an attempt to collect a debt,,Company believes it acted appropriately as authorized by contract or law,GETM INCORPORATED,CA,924XX,,,Web,5/9/2019,Closed with explanation,Yes,N/A,3236826
5/9/2019,Debt collection,Medical debt,Attempts to collect debt not owed,Debt was paid,,Company believes it acted appropriately as authorized by contract or law,Millco Management,,,,N/A,Phone,5/9/2019,Closed with explanation,Yes,N/A,3237457
5/9/2019,Debt collection,Credit card debt,Written notification about debt,Didn't receive enough information to verify debt,,,Ad Astra Recovery Services Inc,TX,777XX,,,Web,5/9/2019,Closed with explanation,Yes,N/A,3237308
5/9/2019,Checking or savings account,Other banking product or service,Problem with a lender or other company charging your account,Transaction was not authorized,,,NAVY FEDERAL CREDIT UNION,MD,207XX,Servicemember,,Web,5/9/2019,In progress,Yes,N/A,3237252
5/9/2019,"Credit reporting, credit repair services, or other personal consumer reports",Credit reporting,Incorrect information on your report,Information belongs to someone else,,,"EQUIFAX, INC.",CA,949XX,Older American,,Web,5/9/2019,Closed with explanation,Yes,N/A,3236867
5/9/2019,Debt collection,Medical debt,Attempts to collect debt not owed,Debt was paid,,Company has responded to the consumer and the CFPB and chooses not to provide a public response,"HCFS Health Care Financial Services, Inc.",,,,N/A,Phone,5/9/2019,Closed with explanation,Yes,N/A,3237441
5/9/2019,Vehicle loan or lease,Loan,Managing the loan or lease,Problem with the interest rate,,,ALLY FINANCIAL INC.,MN,550XX,,,Web,5/9/2019,In progress,Yes,N/A,3236982
5/9/2019,Debt collection,I do not know,Communication tactics,"You told them to stop contacting you, but they keep trying",,,"Diversified Consultants, Inc.",NV,89119,,,Web,5/9/2019,In progress,Yes,N/A,3237211
5/9/2019,Debt collection,Medical debt,Attempts to collect debt not owed,Debt is not yours,,Company believes it acted appropriately as authorized by contract or law,First Federal Credit Control,WV,,,,Web,5/9/2019,Closed with explanation,Yes,N/A,3236745
5/9/2019,Debt collection,Other debt,Attempts to collect debt not owed,Debt was result of identity theft,,,"EQUIFAX, INC.",TX,77082,,,Web,5/9/2019,Closed with explanation,Yes,N/A,3236934
5/9/2019,"Payday loan, title loan, or personal loan",Payday loan,Money was taken from your bank account on the wrong day or for the wrong amount,,,,CURO Intermediate Holdings,,,,N/A,Phone,5/9/2019,Closed with explanation,Yes,N/A,3237648
5/9/2019,"Credit reporting, credit repair services, or other personal consumer reports",Credit reporting,Incorrect information on your report,Public record information inaccurate,,,"EQUIFAX, INC.",GA,30126,,N/A,Fax,5/9/2019,Closed with explanation,Yes,N/A,3236941
5/9/2019,"Credit reporting, credit repair services, or other personal consumer reports",Credit reporting,Problem with a credit reporting company's investigation into an existing problem,Difficulty submitting a dispute or getting information about a dispute over the phone,,,"EQUIFAX, INC.",NC,28540,,,Web,5/9/2019,Closed with explanation,Yes,N/A,3236914
5/9/2019,Debt collection,Medical debt,Attempts to collect debt not owed,Debt is not yours,,,"Sa-Vit Enterprises, Inc.",NJ,070XX,,,Web,5/9/2019,Closed with explanation,Yes,N/A,3236776
5/9/2019,Debt collection,Medical debt,Attempts to collect debt not owed,Debt is not yours,,,CHARLESTON AREA MEDICAL CENTER,WV,26003,,,Web,5/9/2019,In progress,Yes,N/A,3236752
5/9/2019,Checking or savings account,Checking account,Managing an account,Deposits and withdrawals,,,ALLY FINANCIAL INC.,NV,89123,,N/A,Referral,5/9/2019,In progress,Yes,N/A,3237556
5/8/2019,Debt collection,I do not know,Attempts to collect debt not owed,Debt was result of identity theft,,Company believes complaint caused principally by actions of third party outside the control or direction of the company,Perfection Collection,FL,329XX,,,Web,5/8/2019,Closed with explanation,Yes,N/A,3235461
5/8/2019,Debt collection,Payday loan debt,Took or threatened to take negative or legal action,Sued you without properly notifying you of lawsuit,,,CNG FINANCIAL CORPORATION,IL,604XX,,,Web,5/8/2019,Closed with explanation,Yes,N/A,3235984
5/8/2019,Debt collection,I do not know,Attempts to collect debt not owed,Debt was result of identity theft,,Company disputes the facts presented in the complaint,"The CMI Group, Inc.",FL,329XX,,,Web,5/8/2019,Closed with explanation,Yes,N/A,3235493
5/8/2019,"Credit reporting, credit repair services, or other personal consumer reports",Credit reporting,Incorrect information on your report,Information belongs to someone else,,,"EQUIFAX, INC.",FL,339XX,,,Web,5/8/2019,In progress,Yes,N/A,3235467
5/8/2019,"Credit reporting, credit repair services, or other personal consumer reports",Credit reporting,Problem with a credit reporting company's investigation into an existing problem,Their investigation did not fix an error on your report,,,"EQUIFAX, INC.",NY,104XX,,,Web,5/8/2019,Closed with explanation,Yes,N/A,3235814
5/8/2019,Debt collection,Medical debt,Attempts to collect debt not owed,Debt is not yours,,,"ASSET MANAGEMENT OUTSOURCING, INC.",GA,30331,,,Web,5/8/2019,Closed with explanation,Yes,N/A,3236113
5/8/2019,Debt collection,I do not know,Attempts to collect debt not owed,Debt is not yours,,,NAVY FEDERAL CREDIT UNION,LA,70115,,N/A,Postal mail,5/8/2019,In progress,Yes,N/A,3236254
5/8/2019,Debt collection,Other debt,Attempts to collect debt not owed,Debt is not yours,,Company has responded to the consumer and the CFPB and chooses not to provide a public response,"NRA Group, LLC",MA,016XX,,,Web,5/8/2019,Closed with explanation,Yes,N/A,3235537
5/8/2019,Checking or savings account,Checking account,Problem caused by your funds being low,Overdrafts and overdraft fees,,Company has responded to the consumer and the CFPB and chooses not to provide a public response,BB&T CORPORATION,GA,30510,,N/A,Referral,5/9/2019,Closed with explanation,Yes,N/A,3237603
5/8/2019,"Credit reporting, credit repair services, or other personal consumer reports",Credit reporting,Problem with a credit reporting company's investigation into an existing problem,Was not notified of investigation status or results,,,"EQUIFAX, INC.",CT,6514,,,Web,5/8/2019,In progress,Yes,N/A,3235583
5/8/2019,"Credit reporting, credit repair services, or other personal consumer reports",Credit reporting,Incorrect information on your report,Information belongs to someone else,,,"EQUIFAX, INC.",NY,109XX,,,Web,5/8/2019,In progress,Yes,N/A,3235560
5/8/2019,Debt collection,Payday loan debt,Attempts to collect debt not owed,Debt was result of identity theft,,,Ad Astra Recovery Services Inc,TX,77055,,,Web,5/8/2019,Closed with explanation,Yes,N/A,3236263
5/8/2019,Debt collection,Other debt,Attempts to collect debt not owed,Debt was result of identity theft,,,"Diversified Consultants, Inc.",TX,78043,,,Web,5/8/2019,In progress,Yes,N/A,3236189
5/8/2019,"Credit reporting, credit repair services, or other personal consumer reports",Credit reporting,Problem with a credit reporting company's investigation into an existing problem,Difficulty submitting a dispute or getting information about a dispute over the phone,,,"EQUIFAX, INC.",WA,983XX,,,Web,5/8/2019,In progress,Yes,N/A,3235513
5/8/2019,"Credit reporting, credit repair services, or other personal consumer reports",Credit reporting,Incorrect information on your report,Account status incorrect,,,AMERICAN HONDA FINANCE CORP,CA,90025,,,Web,5/8/2019,Closed with explanation,Yes,N/A,3236078
5/8/2019,"Credit reporting, credit repair services, or other personal consumer reports",Credit reporting,Unable to get your credit report or credit score,Problem getting your free annual credit report,,,"EQUIFAX, INC.",MI,48098,,N/A,Phone,5/8/2019,Closed with non-monetary relief,Yes,N/A,3235818
5/8/2019,"Credit reporting, credit repair services, or other personal consumer reports",Credit reporting,Improper use of your report,Credit inquiries on your report that you don't recognize,,,"EQUIFAX, INC.",OH,43123,,,Web,5/8/2019,In progress,Yes,N/A,3235573
5/8/2019,"Credit reporting, credit repair services, or other personal consumer reports",Credit reporting,Credit monitoring or identity theft protection services,Billing dispute for services,,,"EQUIFAX, INC.",FL,328XX,,,Web,5/8/2019,In progress,Yes,N/A,3235564
5/8/2019,"Credit reporting, credit repair services, or other personal consumer reports",Credit reporting,Unable to get your credit report or credit score,Problem getting your free annual credit report,,,"EQUIFAX, INC.",NY,11801,Older American,,Web,5/8/2019,In progress,Yes,N/A,3235480
5/8/2019,"Payday loan, title loan, or personal loan",Personal line of credit,Struggling to pay your loan,,,,NAVY FEDERAL CREDIT UNION,GA,30097,,,Web,5/8/2019,In progress,Yes,N/A,3236427
5/8/2019,Checking or savings account,Checking account,Managing an account,Cashing a check,,Company has responded to the consumer and the CFPB and chooses not to provide a public response,"Certegy Holdings, LLC",GA,31794,,Consent not provided,Web,5/8/2019,Closed with explanation,Yes,N/A,3235835
5/8/2019,Mortgage,Other type of mortgage,Trouble during payment process,,,,"BAYVIEW LOAN SERVICING, LLC",NY,14120,,N/A,Phone,5/8/2019,In progress,Yes,N/A,3235820
5/8/2019,Mortgage,VA mortgage,Struggling to pay mortgage,,,,PRIMARY RESIDENTIAL MORTGAGE,CA,92877,"Older American, Servicemember",N/A,Phone,5/8/2019,In progress,Yes,N/A,3236502
5/8/2019,Debt collection,Medical debt,Attempts to collect debt not owed,Debt is not yours,,,Millco Management,PA,193XX,,,Web,5/8/2019,In progress,Yes,N/A,3235791
5/8/2019,"Credit reporting, credit repair services, or other personal consumer reports",Credit reporting,Incorrect information on your report,Information belongs to someone else,,,"EQUIFAX, INC.",KY,40220,,,Web,5/8/2019,Closed with explanation,Yes,N/A,3235924
5/8/2019,Debt collection,I do not know,Attempts to collect debt not owed,Debt was result of identity theft,,,"Illinois Collection Service, Inc.",IL,60623,,,Web,5/8/2019,Closed with explanation,Yes,N/A,3236364
5/8/2019,Mortgage,Conventional home mortgage,Applying for a mortgage or refinancing an existing mortgage,,,,ALLY FINANCIAL INC.,CA,94565,,N/A,Referral,5/9/2019,In progress,Yes,N/A,3237406
5/8/2019,"Payday loan, title loan, or personal loan",Installment loan,Charged fees or interest you didn't expect,,,,NAVY FEDERAL CREDIT UNION,VA,23831,,,Web,5/8/2019,In progress,Yes,N/A,3236287
5/8/2019,Debt collection,Other debt,Threatened to contact someone or share information improperly,Talked to a third-party about your debt,,Company believes it acted appropriately as authorized by contract or law,Perfection Collection,OK,,,,Web,5/8/2019,Closed with explanation,Yes,N/A,3236339
5/8/2019,"Credit reporting, credit repair services, or other personal consumer reports",Credit reporting,Incorrect information on your report,Account information incorrect,,Company believes it acted appropriately as authorized by contract or law,"Byrider Franchising, LLC",IL,604XX,,Consent not provided,Web,5/8/2019,Closed with explanation,Yes,N/A,3235991
5/8/2019,Debt collection,Payday loan debt,Attempts to collect debt not owed,Debt was already discharged in bankruptcy and is no longer owed,,,Ad Astra Recovery Services Inc,TX,76712,,,Web,5/8/2019,Closed with explanation,Yes,N/A,3236213
5/8/2019,"Credit reporting, credit repair services, or other personal consumer reports",Credit reporting,Improper use of your report,Credit inquiries on your report that you don't recognize,,,"EQUIFAX, INC.",GA,302XX,Servicemember,,Web,5/8/2019,In progress,Yes,N/A,3235494
5/8/2019,"Credit reporting, credit repair services, or other personal consumer reports",Credit reporting,Incorrect information on your report,Account status incorrect,,,"EQUIFAX, INC.",,,Servicemember,N/A,Phone,5/8/2019,Closed with explanation,Yes,N/A,3235931
5/8/2019,Debt collection,Other debt,Written notification about debt,Didn't receive enough information to verify debt,,Company has responded to the consumer and the CFPB and chooses not to provide a public response,"Ability Recovery Services, LLC",PA,191XX,,,Web,5/8/2019,Closed with explanation,Yes,N/A,3235603
5/8/2019,"Credit reporting, credit repair services, or other personal consumer reports",Credit reporting,Incorrect information on your report,Account status incorrect,,,"EQUIFAX, INC.",FL,335XX,,,Web,5/8/2019,In progress,Yes,N/A,3235575
5/8/2019,Debt collection,Medical debt,Attempts to collect debt not owed,Debt was paid,,Company disputes the facts presented in the complaint,"NRA Group, LLC",FL,322XX,,,Web,5/8/2019,Closed with explanation,Yes,N/A,3235801
5/8/2019,Debt collection,I do not know,Written notification about debt,Didn't receive enough information to verify debt,,,"ONLINE Information Services, Inc.",GA,31520,,N/A,Referral,5/8/2019,Closed with non-monetary relief,Yes,N/A,3236470
5/8/2019,"Credit reporting, credit repair services, or other personal consumer reports",Credit reporting,Improper use of your report,Credit inquiries on your report that you don't recognize,,,"EQUIFAX, INC.",TN,379XX,,,Web,5/8/2019,In progress,Yes,N/A,3235574
5/8/2019,Debt collection,Private student loan debt,Communication tactics,Frequent or repeated calls,,,First Associates Loan Servicing LLC,ID,836XX,Servicemember,,Web,5/8/2019,Closed with explanation,Yes,N/A,3235972
5/8/2019,Debt collection,I do not know,Communication tactics,"You told them to stop contacting you, but they keep trying",,Company believes the complaint is the result of a misunderstanding,Oracle Financial Group LLC.,TX,773XX,Servicemember,,Web,5/8/2019,Closed with explanation,Yes,N/A,3236088
5/8/2019,"Credit reporting, credit repair services, or other personal consumer reports",Credit reporting,Problem with a credit reporting company's investigation into an existing problem,Investigation took more than 30 days,,,LEXISNEXIS,NY,11218,,,Web,5/8/2019,Closed with explanation,Yes,N/A,3235757
5/8/2019,Checking or savings account,Checking account,Managing an account,Banking errors,,,ALLY FINANCIAL INC.,GA,31907,,,Web,5/8/2019,In progress,Yes,N/A,3235718
5/8/2019,Debt collection,Payday loan debt,Attempts to collect debt not owed,Debt was result of identity theft,,,CURO Intermediate Holdings,TX,77055,,,Web,5/8/2019,Closed with explanation,Yes,N/A,3236567
5/8/2019,"Credit reporting, credit repair services, or other personal consumer reports",Credit reporting,Incorrect information on your report,Account status incorrect,,,"EQUIFAX, INC.",CA,90211,,,Web,5/8/2019,In progress,Yes,N/A,3235565
5/8/2019,Debt collection,Medical debt,Attempts to collect debt not owed,Debt was paid,,Company disputes the facts presented in the complaint,"Harris & Harris, Ltd.",IL,606XX,,,Web,5/8/2019,Closed with explanation,Yes,N/A,3235519
5/8/2019,Debt collection,Other debt,Threatened to contact someone or share information improperly,Talked to a third-party about your debt,,,D. SCOTT CARRUTHERS,CA,944XX,,,Web,5/9/2019,Closed with explanation,Yes,N/A,3236729
5/8/2019,"Credit reporting, credit repair services, or other personal consumer reports",Credit reporting,Problem with a credit reporting company's investigation into an existing problem,Their investigation did not fix an error on your report,,,"EQUIFAX, INC.",MO,64130,,,Web,5/8/2019,In progress,Yes,N/A,3235543
5/8/2019,"Credit reporting, credit repair services, or other personal consumer reports",Credit reporting,Incorrect information on your report,Personal information incorrect,,,"EQUIFAX, INC.",UT,840XX,,,Web,5/8/2019,In progress,Yes,N/A,3235525
5/8/2019,"Credit reporting, credit repair services, or other personal consumer reports",Credit reporting,Incorrect information on your report,Account information incorrect,,,"EQUIFAX, INC.",CO,810XX,,,Web,5/8/2019,In progress,Yes,N/A,3235553
5/8/2019,Debt collection,I do not know,Communication tactics,"Used obscene, profane, or other abusive language",,,"Webcollex, LLC",VA,222XX,,,Web,5/8/2019,Closed with explanation,Yes,N/A,3236357
5/8/2019,Debt collection,Medical debt,Took or threatened to take negative or legal action,Threatened to sue you for very old debt,,,National Business Factors,NV,89431,,,Web,5/8/2019,Closed with explanation,Yes,N/A,3236297
5/8/2019,Mortgage,Other type of mortgage,Struggling to pay mortgage,,,,NATIONSTAR MORTGAGE,CA,92026,Servicemember,N/A,Referral,5/9/2019,Closed with explanation,Yes,N/A,3237673
5/8/2019,"Credit reporting, credit repair services, or other personal consumer reports",Credit reporting,Problem with a credit reporting company's investigation into an existing problem,Their investigation did not fix an error on your report,,Company has responded to the consumer and the CFPB and chooses not to provide a public response,"HCFS Health Care Financial Services, Inc.",GA,303XX,,,Web,5/8/2019,Closed with explanation,Yes,N/A,3236703
5/8/2019,Debt collection,Medical debt,Attempts to collect debt not owed,Debt is not yours,,,MiraMed Revenue Group LLC,NY,109XX,,,Web,5/8/2019,Closed with explanation,Yes,N/A,3236012
5/8/2019,Debt collection,Other debt,Attempts to collect debt not owed,Debt is not yours,,Company believes it acted appropriately as authorized by contract or law,Perfection Collection,GA,303XX,,,Web,5/9/2019,Closed with explanation,Yes,N/A,3236759
5/8/2019,"Credit reporting, credit repair services, or other personal consumer reports",Credit reporting,Incorrect information on your report,Account status incorrect,,,"ONLINE Information Services, Inc.",TN,38116,Servicemember,,Web,5/8/2019,Closed with non-monetary relief,Yes,N/A,3236270
5/8/2019,Debt collection,Other debt,Attempts to collect debt not owed,Debt was result of identity theft,,,Hillcrest Davidson & Assoc,PA,191XX,Older American,,Web,5/8/2019,Closed with explanation,Yes,N/A,3236160
5/8/2019,"Credit reporting, credit repair services, or other personal consumer reports",Credit reporting,Incorrect information on your report,Old information reappears or never goes away,,,ALLY FINANCIAL INC.,CA,91202,,,Web,5/8/2019,In progress,Yes,N/A,3235709
5/8/2019,Debt collection,I do not know,Written notification about debt,Didn't receive enough information to verify debt,,,Riverwalk Financial Corporation,OH,442XX,,,Web,5/8/2019,In progress,Yes,N/A,3235722
5/8/2019,Debt collection,Other debt,Written notification about debt,Didn't receive notice of right to dispute,,Company believes it acted appropriately as authorized by contract or law,"Associated Credit Services, Inc.",TX,79747,,,Web,5/8/2019,Closed with explanation,Yes,N/A,3236360
5/8/2019,Debt collection,I do not know,Communication tactics,"You told them to stop contacting you, but they keep trying",,,"Diversified Consultants, Inc.",LA,704XX,,,Web,5/8/2019,In progress,Yes,N/A,3235462
5/8/2019,"Credit reporting, credit repair services, or other personal consumer reports",Credit reporting,Incorrect information on your report,Information belongs to someone else,,,"EQUIFAX, INC.",FL,33436,Servicemember,,Web,5/8/2019,In progress,Yes,N/A,3235509
5/8/2019,Debt collection,Other debt,Attempts to collect debt not owed,Debt is not yours,,Company believes it acted appropriately as authorized by contract or law,"GLA Collection Company, Inc.",IN,462XX,,,Web,5/8/2019,Closed with explanation,Yes,N/A,3235725
5/8/2019,"Credit reporting, credit repair services, or other personal consumer reports",Credit reporting,Problem with a credit reporting company's investigation into an existing problem,Their investigation did not fix an error on your report,,,FIFTH THIRD FINANCIAL CORPORATION,NY,14221,,,Web,5/8/2019,Closed with explanation,Yes,N/A,3236063
5/8/2019,"Credit reporting, credit repair services, or other personal consumer reports",Credit reporting,Incorrect information on your report,Information belongs to someone else,,,"EQUIFAX, INC.",OH,,,,Web,5/8/2019,In progress,Yes,N/A,3235488
5/8/2019,Vehicle loan or lease,Lease,Problem with a credit reporting company's investigation into an existing problem,Problem with personal statement of dispute,,,AMERICAN HONDA FINANCE CORP,RI,028XX,,,Web,5/8/2019,Closed with non-monetary relief,Yes,N/A,3236110
5/8/2019,Debt collection,Other debt,Attempts to collect debt not owed,Debt was paid,,Company has responded to the consumer and the CFPB and chooses not to provide a public response,"ProCollect, Inc",TX,775XX,Servicemember,,Web,5/8/2019,Closed with explanation,Yes,N/A,3235529
5/8/2019,Debt collection,Medical debt,Communication tactics,Frequent or repeated calls,,,"Pendrick Capital Partners Holding, LLC",DC,200XX,,,Web,5/8/2019,Closed with explanation,Yes,N/A,3236057
5/8/2019,Credit card or prepaid card,Store credit card,Incorrect information on your report,Account information incorrect,,Company has responded to the consumer and the CFPB and chooses not to provide a public response,Army and Air Force Exchange Service,CA,913XX,Servicemember,,Web,5/8/2019,Closed with explanation,Yes,N/A,3235595
5/8/2019,Debt collection,Medical debt,Attempts to collect debt not owed,Debt is not yours,,,"AMCOL Systems, Inc.",TX,782XX,Servicemember,,Web,5/8/2019,Closed with explanation,Yes,N/A,3236342
5/8/2019,Debt collection,Medical debt,False statements or representation,Attempted to collect wrong amount,,,"ASSET MANAGEMENT OUTSOURCING, INC.",VA,22031,,,Web,5/8/2019,Closed with explanation,Yes,N/A,3235963
5/8/2019,Debt collection,Medical debt,Attempts to collect debt not owed,Debt was paid,,,"ASSET MANAGEMENT OUTSOURCING, INC.",GA,,,,Web,5/8/2019,Closed with explanation,Yes,N/A,3236058
5/8/2019,Checking or savings account,Checking account,Closing an account,Funds not received from closed account,,Company has responded to the consumer and the CFPB and chooses not to provide a public response,U.S. BANCORP,MD,21117,,Consent not provided,Web,5/8/2019,Closed with explanation,Yes,N/A,3235783
5/8/2019,Debt collection,Medical debt,Attempts to collect debt not owed,Debt was paid,,Company has responded to the consumer and the CFPB and chooses not to provide a public response,"Keynote Consulting, Inc.",CA,953XX,,,Web,5/8/2019,Closed with explanation,Yes,N/A,3235973
5/8/2019,"Payday loan, title loan, or personal loan",Payday loan,Struggling to pay your loan,,,,Ad Astra Recovery Services Inc,CA,92782,,,Web,5/8/2019,Closed with explanation,Yes,N/A,3236629
5/8/2019,Vehicle loan or lease,Loan,Managing the loan or lease,Billing problem,,,ALLY FINANCIAL INC.,NJ,8701,Older American,N/A,Phone,5/9/2019,In progress,Yes,N/A,3235763
5/8/2019,Debt collection,Other debt,Took or threatened to take negative or legal action,Threatened or suggested your credit would be damaged,,,American Coradius International LLC,WA,98110,,,Web,5/8/2019,Closed with explanation,Yes,N/A,3236260
5/8/2019,Debt collection,Other debt,Written notification about debt,Didn't receive enough information to verify debt,,Company disputes the facts presented in the complaint,"The CMI Group, Inc.",SC,297XX,,,Web,5/8/2019,Closed with non-monetary relief,Yes,N/A,3236542
5/8/2019,"Credit reporting, credit repair services, or other personal consumer reports",Credit reporting,Improper use of your report,Credit inquiries on your report that you don't recognize,,,"EQUIFAX, INC.",MD,20785,,,Web,5/8/2019,In progress,Yes,N/A,3235471
5/7/2019,Mortgage,Conventional home mortgage,Trouble during payment process,,,,CARDINAL FINANCIAL COMPANY,IL,601XX,,,Web,5/7/2019,In progress,Yes,N/A,3234471
5/7/2019,Debt collection,Credit card debt,Attempts to collect debt not owed,Debt was result of identity theft,,,NAVY FEDERAL CREDIT UNION,FL,33322,Servicemember,,Web,5/7/2019,In progress,Yes,N/A,3234253
5/7/2019,"Credit reporting, credit repair services, or other personal consumer reports",Credit reporting,Improper use of your report,Credit inquiries on your report that you don't recognize,,,"ONEMAIN FINANCIAL HOLDINGS, LLC.",PA,152XX,,,Web,5/7/2019,Closed with explanation,Yes,N/A,3234244
5/7/2019,"Credit reporting, credit repair services, or other personal consumer reports",Credit reporting,Incorrect information on your report,Public record information inaccurate,,Company has responded to the consumer and the CFPB and chooses not to provide a public response,"Convergent Resources, Inc.",GA,30328,Servicemember,Consent not provided,Web,5/7/2019,Closed with explanation,Yes,N/A,3233798
5/7/2019,Credit card or prepaid card,General-purpose credit card or charge card,"Advertising and marketing, including promotional offers",Didn't receive advertised or promotional terms,,,AMERICAN EXPRESS COMPANY,IL,602XX,,,Web,5/7/2019,Closed with explanation,Yes,N/A,3234200
5/7/2019,"Money transfer, virtual currency, or money service",Domestic (US) money transfer,Money was not available when promised,,,,PAYPAL HOLDINGS INC.,CT,063XX,,,Web,5/7/2019,Closed with non-monetary relief,Yes,N/A,3235143
5/7/2019,Mortgage,VA mortgage,Trouble during payment process,,,Company has responded to the consumer and the CFPB and chooses not to provide a public response,FREEDOM MORTGAGE COMPANY,,,Servicemember,N/A,Phone,5/7/2019,Closed with explanation,Yes,N/A,3235351
5/7/2019,"Payday loan, title loan, or personal loan",Installment loan,Problem with the payoff process at the end of the loan,,,,NAVY FEDERAL CREDIT UNION,MS,39073,,,Web,5/7/2019,In progress,Yes,N/A,3234164
5/7/2019,Debt collection,Other debt,Attempts to collect debt not owed,Debt was already discharged in bankruptcy and is no longer owed,,,"Sequium Asset Solutions, LLC",KS,672XX,,,Web,5/7/2019,Closed with explanation,Yes,N/A,3235429
5/7/2019,Debt collection,I do not know,Attempts to collect debt not owed,Debt is not yours,,,ALLY FINANCIAL INC.,NC,282XX,,,Web,5/7/2019,In progress,Yes,N/A,3234536
5/7/2019,Debt collection,Other debt,Attempts to collect debt not owed,Debt was paid,,Company believes it acted appropriately as authorized by contract or law,Perfection Collection,MS,,,,Web,5/7/2019,Closed with explanation,Yes,N/A,3235356
5/7/2019,Debt collection,Medical debt,Communication tactics,Frequent or repeated calls,,,National Business Factors,NV,,Older American,,Web,5/7/2019,Closed with explanation,Yes,N/A,3235282
5/7/2019,Debt collection,Other debt,Communication tactics,"You told them to stop contacting you, but they keep trying",,,"Maury Cobb, Attorney at Law, LLC",CA,924XX,,,Web,5/7/2019,Closed with explanation,Yes,N/A,3233668
5/7/2019,Debt collection,Medical debt,Attempts to collect debt not owed,Debt is not yours,,,"Commonwealth Financial Systems, Inc.",TX,750XX,,,Web,5/7/2019,Closed with explanation,Yes,N/A,3235607
5/7/2019,"Credit reporting, credit repair services, or other personal consumer reports",Credit reporting,Problem with a credit reporting company's investigation into an existing problem,Their investigation did not fix an error on your report,,Company believes it acted appropriately as authorized by contract or law,"Capital Accounts, LLC",TX,760XX,,,Web,5/7/2019,Closed with explanation,Yes,N/A,3235181
5/7/2019,Mortgage,Conventional home mortgage,Struggling to pay mortgage,,,,OCWEN LOAN SERVICING LLC,DE,197XX,,,Web,5/7/2019,Closed with explanation,Yes,N/A,3234232
5/7/2019,Debt collection,Other debt,Attempts to collect debt not owed,Debt was result of identity theft,,,"Stone Creek Financial, Inc",OH,432XX,,,Web,5/7/2019,Closed with explanation,Yes,N/A,3234998
5/7/2019,Debt collection,Other debt,Attempts to collect debt not owed,Debt was already discharged in bankruptcy and is no longer owed,,Company has responded to the consumer and the CFPB and chooses not to provide a public response,"Convergent Resources, Inc.",CT,6460,,Consent not provided,Web,5/7/2019,Closed with explanation,Yes,N/A,3234578
5/7/2019,Debt collection,Credit card debt,Attempts to collect debt not owed,Debt was already discharged in bankruptcy and is no longer owed,,Company has responded to the consumer and the CFPB and chooses not to provide a public response,SYNCHRONY FINANCIAL,CA,90221,,,Web,5/7/2019,Closed with explanation,Yes,N/A,3234900
5/7/2019,"Credit reporting, credit repair services, or other personal consumer reports",Credit reporting,Incorrect information on your report,Information belongs to someone else,,,"Colony Brands, Inc.",WI,532XX,,,Web,5/7/2019,Closed with explanation,Yes,N/A,3234467
5/7/2019,"Credit reporting, credit repair services, or other personal consumer reports",Credit reporting,Incorrect information on your report,Information belongs to someone else,,,"Diversified Consultants, Inc.",CT,064XX,,,Web,5/7/2019,In progress,Yes,N/A,3233672
5/7/2019,Debt collection,Credit card debt,Written notification about debt,Didn't receive notice of right to dispute,,Company has responded to the consumer and the CFPB and chooses not to provide a public response,SYNCHRONY FINANCIAL,PR,009XX,,Consent not provided,Web,5/7/2019,Closed with explanation,Yes,N/A,3234885
5/7/2019,Student loan,Federal student loan servicing,Dealing with your lender or servicer,Don't agree with the fees charged,,,AES/PHEAA,PA,19026,,,Web,5/7/2019,Closed with explanation,Yes,N/A,3235328
5/7/2019,"Credit reporting, credit repair services, or other personal consumer reports",Credit reporting,Incorrect information on your report,Account information incorrect,,,Rent Recovery Solutions,GA,30328,Servicemember,,Web,5/7/2019,Closed with explanation,Yes,N/A,3234043
5/7/2019,Debt collection,I do not know,Took or threatened to take negative or legal action,Sued you in a state where you do not live or did not sign for the debt,,,"Emmett L. Goodman, Jr., LLC",GA,312XX,,,Web,5/7/2019,In progress,Yes,N/A,3234802
5/7/2019,Debt collection,I do not know,False statements or representation,Attempted to collect wrong amount,,Company believes it acted appropriately as authorized by contract or law,Collection Bureau Incorporated,ID,83715,,Consent not provided,Web,5/7/2019,Closed with explanation,Yes,N/A,3235195
5/7/2019,Debt collection,I do not know,Attempts to collect debt not owed,Debt is not yours,,Company has responded to the consumer and the CFPB and chooses not to provide a public response,"Ability Recovery Services, LLC",PA,19134,,Consent not provided,Web,5/7/2019,Closed with explanation,Yes,N/A,3234782
5/7/2019,Debt collection,Other debt,Written notification about debt,Didn't receive enough information to verify debt,,Company has responded to the consumer and the CFPB and chooses not to provide a public response,"Credit Protection Association, L.P.",AZ,85710,,Consent not provided,Web,5/7/2019,Closed with explanation,Yes,N/A,3235104
5/7/2019,Debt collection,Credit card debt,Attempts to collect debt not owed,Debt was result of identity theft,,,NAVY FEDERAL CREDIT UNION,FL,33322,Servicemember,,Web,5/7/2019,In progress,Yes,N/A,3234266
5/7/2019,Debt collection,I do not know,Threatened to contact someone or share information improperly,Talked to a third-party about your debt,,Company can't verify or dispute the facts in the complaint,Northern Resolution Services,OH,454XX,,,Web,5/7/2019,Closed with explanation,Yes,N/A,3235410
5/7/2019,Debt collection,Other debt,Attempts to collect debt not owed,Debt was already discharged in bankruptcy and is no longer owed,,,"ONLINE Information Services, Inc.",AL,358XX,,,Web,5/7/2019,Closed with non-monetary relief,Yes,N/A,3234698
5/7/2019,Debt collection,Other debt,Attempts to collect debt not owed,Debt was paid,,,"Diversified Consultants, Inc.",AZ,850XX,,,Web,5/7/2019,In progress,Yes,N/A,3234554
5/7/2019,Credit card or prepaid card,General-purpose credit card or charge card,Getting a credit card,Application denied,,,NAVY FEDERAL CREDIT UNION,TX,75287,,,Web,5/7/2019,In progress,Yes,N/A,3234768
5/7/2019,"Credit reporting, credit repair services, or other personal consumer reports",Credit reporting,Unable to get your credit report or credit score,Problem getting your free annual credit report,,,"EQUIFAX, INC.",FL,,,,Web,5/7/2019,Closed with non-monetary relief,Yes,N/A,3234263
5/7/2019,Debt collection,Credit card debt,Attempts to collect debt not owed,Debt was paid,,,NAVY FEDERAL CREDIT UNION,CA,920XX,,,Web,5/7/2019,In progress,Yes,N/A,3233866
5/7/2019,Debt collection,I do not know,Took or threatened to take negative or legal action,Threatened to arrest you or take you to jail if you do not pay,,,"Diversified Consultants, Inc.",LA,704XX,,,Web,5/7/2019,In progress,Yes,N/A,3235446
5/7/2019,Debt collection,I do not know,Attempts to collect debt not owed,Debt was already discharged in bankruptcy and is no longer owed,,Company believes it acted appropriately as authorized by contract or law,Monterey Financial Services LLC,VA,236XX,,,Web,5/7/2019,Closed with explanation,Yes,N/A,3235086
5/7/2019,Credit card or prepaid card,Store credit card,Getting a credit card,Sent card you never applied for,,Company has responded to the consumer and the CFPB and chooses not to provide a public response,SYNCHRONY FINANCIAL,SC,29644,Older American,N/A,Postal mail,5/7/2019,Closed with explanation,Yes,N/A,3235314
5/7/2019,Debt collection,Medical debt,Attempts to collect debt not owed,Debt was paid,,,"Medical Data Systems, Inc.",GA,,Older American,,Web,5/7/2019,In progress,Yes,N/A,3234440
5/7/2019,Debt collection,Medical debt,False statements or representation,Attempted to collect wrong amount,,,TH Professional & Medical Collections LTD,IL,616XX,,,Web,5/7/2019,Closed with explanation,Yes,N/A,3235372
5/7/2019,Credit card or prepaid card,General-purpose credit card or charge card,Closing your account,Company closed your account,,Company has responded to the consumer and the CFPB and chooses not to provide a public response,"CITIBANK, N.A.",NY,,"Older American, Servicemember",,Web,5/7/2019,Closed with explanation,Yes,N/A,3234551
5/7/2019,Debt collection,Medical debt,Attempts to collect debt not owed,Debt was result of identity theft,,,"Designed Receivable Solultions, Inc.",CA,902XX,,,Web,5/7/2019,Closed with explanation,Yes,N/A,3234978
5/7/2019,Credit card or prepaid card,General-purpose credit card or charge card,Fees or interest,Problem with fees,,Company has responded to the consumer and the CFPB and chooses not to provide a public response,Army and Air Force Exchange Service,FL,33511,Servicemember,Consent not provided,Web,5/7/2019,Closed with explanation,Yes,N/A,3234787
5/7/2019,Mortgage,Conventional home mortgage,Applying for a mortgage or refinancing an existing mortgage,,,,NATIONSTAR MORTGAGE,CA,92026,Servicemember,,Web,5/7/2019,Closed with explanation,Yes,N/A,3234830
5/7/2019,"Credit reporting, credit repair services, or other personal consumer reports",Other personal consumer report,Incorrect information on your report,Old information reappears or never goes away,,Company has responded to the consumer and the CFPB and chooses not to provide a public response,STERLING INFOSYSTEMS INC,CA,90706,,Consent not provided,Web,5/7/2019,Closed with explanation,Yes,N/A,3234228
5/7/2019,"Credit reporting, credit repair services, or other personal consumer reports",Credit reporting,Incorrect information on your report,Account status incorrect,,,NAVY FEDERAL CREDIT UNION,FL,33030,,N/A,Phone,5/7/2019,In progress,Yes,N/A,3234914
5/7/2019,Debt collection,Other debt,Attempts to collect debt not owed,Debt is not yours,,,"Southwest Credit Systems, L.P.",NJ,070XX,,,Web,5/7/2019,Closed with explanation,Yes,N/A,3234635
5/7/2019,Student loan,Private student loan,Dealing with your lender or servicer,Keep getting calls about your loan,,,"Navient Solutions, LLC.",NY,,,,Web,5/7/2019,Closed with explanation,Yes,N/A,3235514
5/7/2019,Debt collection,I do not know,Communication tactics,Called before 8am or after 9pm,,Company believes it acted appropriately as authorized by contract or law,ERC,FL,339XX,,,Web,5/7/2019,Closed with explanation,Yes,N/A,3234221
5/7/2019,"Money transfer, virtual currency, or money service",Traveler's check or cashier's check,Problem with customer service,,,,NAVY FEDERAL CREDIT UNION,GA,31907,,,Web,5/7/2019,In progress,Yes,N/A,3235022
5/7/2019,Debt collection,Other debt,Written notification about debt,Didn't receive enough information to verify debt,,Company believes it acted appropriately as authorized by contract or law,"General Business Recoveries, Inc.",AZ,85710,,Consent not provided,Web,5/7/2019,Closed with explanation,Yes,N/A,3234621
5/7/2019,Checking or savings account,Savings account,Managing an account,Deposits and withdrawals,,,NAVY FEDERAL CREDIT UNION,CA,955XX,Servicemember,,Web,5/7/2019,In progress,Yes,N/A,3234819
5/7/2019,"Credit reporting, credit repair services, or other personal consumer reports",Credit reporting,Improper use of your report,Credit inquiries on your report that you don't recognize,,,AMERICAN EXPRESS COMPANY,PA,152XX,,,Web,5/7/2019,Closed with explanation,Yes,N/A,3234230
